timestamp,lat,lon,peak_current_ka,flash_type
2026-06-15T14:20:00,13.147419555007223,79.42193269901371,11.658936994886695,CG
2026-06-15T14:20:10,12.897839517694548,79.57819575627168,-26.597450778097574,IC
2026-06-15T14:20:20,13.039831923697697,79.5586491752965,-23.660640337594735,IC
2026-06-15T14:20:30,12.87596788990196,79.60863168013422,-19.74137610211671,CG
2026-06-15T14:20:40,13.067137245614024,79.45526100853029,-18.0631500921493,IC
2026-06-15T14:20:50,13.115630598822468,79.42784509712898,-46.01888465058269,IC
2026-06-15T14:21:00,12.985280212412526,79.55479243719076,-46.615984194922746,CG
2026-06-15T14:21:10,13.113829173042827,79.79319791625679,-48.33203429776755,IC
2026-06-15T14:21:20,13.116485619438977,79.66385224014373,15.62200703496324,IC
2026-06-15T14:21:30,13.070076648746326,79.54305148878774,-0.9515530018484384,CG
2026-06-15T14:21:40,13.086528357637139,79.79172096845976,-43.06655969530635,IC
2026-06-15T14:21:50,13.0625475784741,79.75675671386276,-49.04863624281781,IC
2026-06-15T14:22:00,13.098414238814874,79.52073182461166,-55.222269121642924,CG
2026-06-15T14:22:10,12.940049098298381,79.58361780731244,-31.529619578773367,IC
2026-06-15T14:22:20,12.979880296181477,79.66878390010446,2.46793712512585,IC
2026-06-15T14:22:30,13.020704421178337,79.60483610148923,-54.863762451726004,CG
2026-06-15T14:22:40,12.968526621531767,79.41357576371206,-34.68545239803268,IC
2026-06-15T14:22:50,12.93279083095444,79.7163723585283,-34.989236202941846,IC
2026-06-15T14:23:00,13.142975498438396,79.55830222331511,-34.245392955515584,CG
2026-06-15T14:23:10,13.109372257395306,79.40400828590104,-29.714245408950013,IC
2026-06-15T14:23:20,13.170411143715398,79.56269728331263,7.130521159724438,IC
2026-06-15T14:23:30,12.98140709714547,79.64770946711404,-55.63002966124452,CG
2026-06-15T14:23:40,13.103781563401435,79.58619634004506,-12.564517355744169,IC
2026-06-15T14:23:50,13.036043856095034,79.53550685376358,-36.14338970116385,IC
2026-06-15T14:24:00,13.177553880912843,79.55952502666756,-3.6466776353491532,CG
2026-06-15T14:24:10,13.253466542829925,79.53129395185155,2.4444891371666095,IC
2026-06-15T14:24:20,13.10222116647422,79.71140050999767,-14.662188224073333,IC
2026-06-15T14:24:30,12.985576076782936,79.7536184978885,-5.281811590275392,CG
